Amazon,Apple,Ebay,Facebook,Google,Twitter
252.585,106.25,23.45759964,77.19000244,519.5,36.38000107
245.488,106.2600021,23.15670013,76.15000153,506.6000061,37.27999878
253.816,107.75,23.11669922,76.15000153,505.2000122,39.09000015
256.03,111.8899994,23.74169922,78.17500305,506.8999939,40.16999817
253.299,112.0100021,23.41340065,77.73999786,500.7000122,39.36999893
246.09,109.25,23.23250008,76.72000122,497.1000061,39.65000153
251.854,110.2200012,23.20299911,76.44999695,501.7999878,39.84999847
244.645,109.8000031,22.73999977,76.27999878,505.8999939,36.93000031
250.526,106.8199997,22.31279945,74.05000305,504,37.31000137
249.082,105.9899979,22.58429909,75.18000031,510.5,37.56999969
249.993,108.7200012,22.59269905,76.23999786,509.8999939,37.83000183
248.375,109.5500031,22.46649933,76.73999786,520.4000244,39.06999969
256.068,112.4000015,24.05109978,77.65000153,537.2999878,39.41999817
270.313,112.9800034,23.88899994,77.83000183,542,40.09999847
279.731,113.0999985,23.59440041,77.49500275,536.7000122,38.91999817
272.421,109.1399994,23.01779938,75.77999878,521.2000122,37.15000153
270.502,115.3099976,22.66010094,76.23999786,512.4000244,36.68000031
270.017,118.9000015,22.7105999,78,513.2000122,37.52999878
270.789,117.1600037,22.30649948,75.91000366,537.5999756,37.45999908
317.222,118.6299973,22.60540009,74.98999786,532.2000122,39.79000092
320,118.6500015,22.83259964,75.40000153,533.2999878,40.72000122
317.684,119.5599976,22.60540009,75.62999725,526.0999756,41.25999832
320.745,119.9400024,22.84950066,75.61499786,529.7999878,48.00999832
327.189,118.9300003,22.93779945,74.47000122,533.9000244,47.31999969
330.021,119.7200012,22.86630058,74.44000244,529.2999878,46.25999832
326.264,122.0199966,23.26189995,75.19000244,540.2000122,47.5
328.947,124.8799973,23.2071991,76.51000214,538,47.95000076
332.371,126.4599991,23.03680038,76.23000336,546,48.5
331.765,127.0800018,23.7670002,75.73999786,551.2000122,48.02999878
335.021,127.8300018,23.74379921,75.59999847,545,47.81999969
333.1,128.7149963,23.94799995,76.70999908,542.7000122,48.70000076
328.684,128.4499969,24.2635994,79.41999817,546.5,49.11000061
328.339,129.4949951,24.41930008,79.89499664,541.7999878,48.47000122
334.117,133,24.44039917,78.83999634,535,48.68999863
334.516,132.1699982,24.57929993,78.44999695,538.7000122,48.54999924
335.9,128.7899933,24.55820084,79.55999756,547.2999878,49.40999985
333.559,130.4149933,24.63820076,80.41000366,559.2999878,48.08000183
340,128.4600067,24.37299919,78.97000122,562.5999756,48.15000153
344.083,129.0899963,24.57089996,79.75,575,47.70999908
341.366,129.3600006,24.51819992,79.59999847,578.7999878,47.56999969
343.961,128.5399933,24.54140091,80.89499664,578.2999878,47.34999847
341.842,126.4100037,24.8654995,81.20999908,581.4000244,46.75
347.416,126.5999985,25.19799995,80.00499725,572.9000244,47.59000015
349.441,127.1399994,25.59149933,79.44000244,574.0999756,45.84000015
352.607,124.5100021,24.92020035,77.55000305,559.9000244,46.27000046
347.741,122.2399979,25.11590004,77.56999969,555.7000122,47.06999969
345.698,124.4499969,25.00440025,78.93000031,561.2000122,46.65999985
350.75,123.5899963,24.86129951,78.05000305,553,46.43000031
352.664,124.9499969,25.07169914,78.06999969,561.5999756,46.93000031
350.961,127.0400009,25.03800011,79.36499786,557.5999756,47.20000076
352.97,128.4700012,24.58979988,80.91000366,566.2000122,47.93000031
351.527,127.4950027,24.35829926,82.75,563.7000122,48.43999863
344.913,125.9000015,24.38150024,83.80000305,565,48.45999908
350.55,127.2099991,24.6718998,84.43000031,565.4000244,51.47000122
351.056,126.6900024,25.04640007,85.30999756,577.5,49.5
344.973,123.3799973,24.43619919,82.91999817,567,49.91999817
342.59,124.2399979,24.20680046,83.01000214,563.5999756,50.00999832
338.868,123.25,24.25519943,83.30000305,557.5999756,49.88999939
337.786,126.3700027,24.37940025,83.19499969,561.0999756,50.08000183
341.695,124.4300003,24.27619934,82.21499634,554.7000122,50.47000122
344.9,124.25,24.0447998,81.66500092,549.5,50.41999817
350,125.3199997,23.95219994,81.55500031,541.2999878,50.84000015
344.497,127.3499985,23.91430092,82.44000244,544,52.86999893
341,126.0100021,24.02370071,82.31999969,544.9000244,52.29999924
348.185,125.5999985,24.03630066,82.27500153,548.7999878,52.16999817
351.138,126.5599976,23.99419975,82.16999817,548,51.93999863
355.745,127.0999985,24.13310051,82.04000092,548.5,51.61999893
362.937,126.8499985,23.96479988,83.01000214,548.5999756,51.20000076
360.347,126.3000031,23.96899986,83.51499939,539.7999878,51.29999924
361.513,126.7799988,23.99640083,82.70500183,541,52.02999878
359.8,126.1699982,24.0048008,82.30999756,543.5,50.65999985
357.981,124.75,23.48080063,80.77500153,532.7000122,51.40000153
349.921,127.5999985,23.59860039,83.08999634,544.5,51.31999969
359.95,126.9100037,23.74379921,83.62000275,542.9000244,51.72999954
363.32,128.6199951,23.88479996,84.62999725,549.2000122,51.40999985
362.197,129.6699982,24.78549957,82.41000366,557.5,50.81999969
359.359,130.2799988,24.91600037,81.52999878,573.7000122,51.65999985
414.522,132.6499939,24.86969948,81.91000366,566.0999756,42.27000046
403.706,130.5599976,25.03380013,80.68000031,564.4000244,38.49000168
393.872,128.6399994,24.78129959,80.46499634,561.4000244,38.95999908
382.7,125.1500015,24.52029991,78.76999664,548.7999878,37.84000015
382.671,128.9499969,24.95599937,78.98999786,551.2000122,37.88000107
380,128.6999969,24.87809944,78.80999756,552.7999878,37.41999817
380.055,125.8000031,24.38360023,77.55999756,543,37.25999832
368.542,125.0100021,24.19630051,78.09999847,535.0999756,37.70999908
378.76,125.2600021,24.39410019,78.42500305,542,37.59000015
386.295,127.6200027,24.75600052,78.51000214,549,37.31000137
389.825,126.3199997,24.55400085,78.01000214,545.7999878,37.47999954
383.363,125.8649979,24.53720093,77.45999908,538.7000122,37.72000122
378.113,126.0100021,24.75180054,78.44000244,539.5,37.33000183
380.257,128.9499969,25.2947998,81.37000275,549.2000122,37.09999847
377,128.7700043,25.00440025,80.41999817,546.5,37.27999878
373.127,130.1900024,25.02540016,80.87999725,546.7000122,37.5
379.447,130.0700073,24.93700027,80.62999725,549.2999878,36.77999878
380.78,130.0599976,24.89489937,80.55000305,552.5,36.68000031
389.718,131.3899994,25.14319992,80.48000336,556.7999878,36.59999847
390.159,132.5399933,25.13479996,80.54000092,554.5,36.50999832
389.538,129.6199951,24.71610069,79.33499908,547.2000122,36.40999985
394.635,132.0449982,24.99169922,80.55000305,554.2999878,36.83000183
392.491,131.7799988,25.48839951,80.14499664,554.2000122,36.66999817
391.972,130.2799988,25.82509995,79.19000244,545.2999878,36.63000107
393.95,130.5350037,26.33009911,80.29000092,549.2000122,36.40000153
387.166,129.9600067,26.09440041,80.44499969,554,37
387.9,130.1199951,26.09860039,82.44000244,555.2999878,36.70999908
384.17,129.3600006,26.30069923,82.05000305,551.7000122,37
385.483,128.6499939,26.6121006,82.13999939,549.5,36.45999908
374.668,127.8000031,25.61039925,80.66999817,543.5,35.88000107
376.828,127.4199982,25.42519951,80.66999817,542.2000122,35.84999847
381.901,128.8800049,25.45050049,82.16000366,552.5999756,35.84000015
388.621,128.5899963,25.44210052,81.83000183,550,35.90000153
380.655,127.1699982,25.26110077,81.52999878,547.5,34.66999817
380.22,126.9199982,25.25270081,80.70999908,543,34.81999969
378.306,127.5999985,25.4715004,81.05999756,544.9000244,34.68999863
380.867,127.3000031,25.48419952,81.79000092,546.5999756,34.65999985
382.636,127.8799973,25.54310036,82.90499878,556.2000122,35.86000061
385.859,126.5999985,25.74510002,82.51000214,557.5,35.54999924
387,127.6100006,25.98920059,84.73999786,559.7000122,35.36999893
398.95,127.0299988,26.06500053,87.87999725,563.4000244,35.16999817
395.096,128.1100006,25.93029976,88.86000061,558.5999756,35.16999817
393.68,127.5,25.92399979,87.98000336,558,35.25999832
394.704,126.75,25.68829918,88.01000214,553.0999756,34.20999908
387.009,124.5299988,24.98749924,85.80000305,541.2999878,36.22000122
387.445,125.4250031,25.35370064,85.76499939,540,35.40000153
395.362,126.5999985,25.43149948,86.91000366,543.2999878,35.72000122
391.376,126.4400024,26.03129959,87.28500366,547.2999878,35.43000031
394.05,126,25.99130058,87.55000305,545.5999756,35.52000046
396.732,125.6900024,26.08600044,87.22000122,550,34.75999832
392.717,122.5699997,25.66930008,85.65000153,541.7000122,34.36000061
389.775,120.0699997,25.99760056,85.87999725,544.7000122,35.77999878
395.605,123.2799988,26.25020027,87.94999695,556.0999756,36.72000122
398.463,125.6600037,26.71310043,90.09999847,571.7000122,35.65999985
415,125.6100006,26.7635994,89.68000031,584.2000122,36.09999847
423.723,126.8199997,26.70050049,89.76000214,584,35.66999817
422.822,128.5099945,27.60540009,90.84999847,601.7999878,35.81000137
430.73,129.6199951,27.89999962,94.97000122,699.5999756,36.63000107
445.336,132.0700073,28.56999969,97.91000366,692.7999878,36.09000015
451.067,130.75,28.60000038,98.38999939,695.4000244,36.18999863
443.913,125.2200012,28.45000076,97.04000092,695.0999756,35.41999817
446.804,125.1600037,28.43000031,95.44000244,674.7000122,34.70000076
438.534,124.5,28.22999954,96.94999695,654.7999878,36.54000092
490.628,122.7699966,28,94.16999817,658.2999878,31.23999977
480.159,123.3799973,28.32999992,95.29000092,659.7000122,31.46999931
473.217,122.9899979,28.75,96.98999786,661.4000244,31.01000023
477.776,122.3700027,28.37000084,95.20999908,664.5999756,29.27000046
492.906,121.3000031,28.12000084,94.01000214,657.5,29.34000015
488.128,118.4400024,28.32999992,94.13999939,664.7000122,28.47999954
487.9,114.6399994,28.40999985,94.05999756,661.2999878,27.54000092
487.738,115.4000015,28.55999947,96.44000244,673.2999878,27.04000092
495.448,115.1299973,28.15999985,95.12000275,670.2000122,29.5
485.577,115.5199966,28.54999924,94.30000305,664.4000244,29.62000084
477.385,119.7200012,28.65999985,94.15000153,663.0999756,29.38999939
479.651,113.4899979,28.13999939,93.62000275,690.2999878,28.54000092
473.682,115.2399979,28.01000023,94.19000244,691.5,29.05999947
467.44,115.1500015,27.98999977,93.43000031,686.5,29.05999947
478.208,115.9599991,28.26000023,94.41999817,689.4000244,28.29999924
477.992,117.1600037,28.29000092,93.93000031,694.0999756,27.61000061
485.825,116.5,27.77000046,95.16999817,688.7000122,26
485.411,115.0100021,27.43000031,95.30999756,694,25.87000084
479.6,112.6500015,26.52000046,90.55999756,679.5,25.17000008
461.565,105.7600021,25.77000046,86.05999756,644.0300293,24.37999916
442.98,103.1200027,24.93000031,82.08999634,618.1099854,25.03000069
410.929,103.7399979,25.22999954,83,612.4699707,26.45999908
419,109.6900024,26.17000008,87.19000244,659.7399902,26.82999992
423.5,112.9199982,27.10000038,89.73000336,667.960022,27.79000092
459.877,113.2900009,27.25,91.01000214,659.6900024,27.03000069
458.751,112.7600021,27.11000061,89.43000031,647.8200073,27.81999969
461.627,107.7200012,26.47999954,87.23000336,629.5599976,28.29999924
448.783,112.3399963,26.87000084,89.88999939,644.9099731,28.14999962
447.16,110.3700027,27.04000092,88.15000153,637.0499878,27.18000031
454.676,109.2699966,26.47999954,88.26000214,628.960022,27.18000031
447.731,112.3099976,26.36000061,89.52999878,643.8800049,27.70999908
451.83,110.1500015,26.20000076,90.44000244,643.4099731,27.38999939
461.847,112.5699997,26.14999962,91.98000336,651.0800171,26.89999962
470.229,114.2099991,26.31999969,92.05000305,655.2999878,27.17000008
463.924,115.3099976,25.75,92.30999756,652.4699707,27.75
464.525,116.2799988,25.97999954,92.90000153,665.0700073,27.40999985
459.75,116.4100037,26.73999977,93.44999695,665.5200195,27.95999908
466.419,113.9199982,26.27000046,94.33999634,671.6699829,27.37999916
462.617,113.4499969,26.02000046,94.40000153,660.9199829,26.82999992
473.056,115.2099991,25.92000008,95.55000305,666.9799805,26.79000092
476.717,113.4000015,25.61000061,92.95999908,653.2000122,26.60000038
487.483,114.3199997,25.59000015,93.97000122,653.289978,25.29000092
482.363,115,25.61000061,94.41000366,654.9099731,25.26000023
481.105,114.7099991,25.32999992,92.76999664,640.1500244,25.59000015
464.964,112.4400024,24.13999939,89.20999908,624.25,26.94000053
479,109.0599976,24.07999992,86.66999817,622.6099854,24.68000031
444,110.3000031,24.44000053,89.90000153,638.3699951,26.30999947
444.209,109.5800018,24.90999985,90.94999695,642,28.14999962
456.834,110.3799973,25.53000069,92.06999969,656.9899902,27.62000084
461.258,110.7799988,25.73500061,94.01000214,671.6799927,29.82999992
467.38,111.3099976,25.68000031,92.80000305,671.6400146,30.31999969
485.774,110.7799988,25.68000031,92.40000153,670,30.85000038
477.775,109.5,24.14999962,92.47000122,667,28.75
473.83,112.1200027,24.29999924,93.23999786,671.2399902,29.05999947
461.746,111.5999985,24.55999947,94.26000214,676.4299927,29.37999916
473.439,111.7900009,24.62000084,94.12000275,683.1699829,29.70999908
483.315,110.2099991,23.99500084,94.06999969,680.4099731,31.14999962
481.264,111.8600006,24.51000023,95.95999908,693.0200195,30.90999985
476.3,111.0400009,24.54999924,97.54000092,695.3200073,30.90999985
488.745,111.7300034,24.55500031,98.47000122,699.9500122,29.29999924
500,113.7699966,24.42000008,97,680,29.14999962
507.002,113.7600021,24.20999908,97.11000061,671.7999878,30.28000069
489.907,115.5,27.57999992,99.66999817,681.1400146,30.88999939
487.685,119.0800018,28.15999985,102.1900024,719.3300171,31.34000015
509.455,115.2799988,28.17000008,103.7699966,731.1199951,30.87000084
547.404,114.5500031,28.37000084,103.6999969,732.8200073,28.45999908
551.863,119.2699966,28.25,104.1999969,736.9199829,29.20000076
555.493,120.5299988,28.17499924,104.8799973,744.8499756,29.12999916
558.863,119.5,27.89999962,101.9700012,737.3900146,29.36000061
571.473,121.1800003,28.5,103.3099976,747.7399902,28.65999985
570.98,122.5699997,28.89999962,102.5800018,748.8200073,28.28000069
566.631,122,29.29999924,103.9400024,755.3099976,27.09000015
571.244,120.9199982,29.29999924,108.7600021,760.6699829,27.04999924
594.006,121.0599976,29.39999962,107.0950012,761.5999756,26.5
601.901,120.5699997,29.18000031,106.4899979,754.7700195,26.12999916
613.48,116.7699966,29.13999939,107.9100037,758.2600098,25.18000031
606.261,116.1100006,28.95000076,109.0100021,765.25,25.40999985
613.441,115.7200012,28.55999947,108.0199966,756.5300293,25.22999954
626.848,112.3399963,28.19000053,103.9499969,740.0700073,25.89999962
622.725,114.1750031,28.47999954,104.0400009,750.4199829,26.31999969
609.135,113.6900024,28.45000076,105.1299973,745.9799805,26.27000046
598.19,117.2900009,28.75,107.7699966,760.0100098,25.20000076
609.59,118.7799988,28.77000046,106.2600021,759.9400024,25.52000046
616.533,119.3000031,29.05999947,107.3199997,777,26.05999947
624.842,117.75,28.84000015,106.9499969,776.7000122,25.75
623.728,118.8799973,29,105.7399979,769.6300049,25.39999962
639.185,118.0299988,29,105.4100037,769.2600098,25.39999962
629.731,117.8099976,29.10000038,105.4499969,771.9699707,25.89999962
635.39,118.3000031,29.59000015,104.2399979,762.8499756,25.02000046
641.5,117.3399963,29.04999924,107.1200027,783.789978,24.45999908
638.188,116.2799988,28.96999931,106.0699997,777.8499756,24.98999977
634.698,115.1999969,28.59000015,104.3799973,768.2000122,24.30999947
638.859,119.0299988,29.35000038,106.1800003,779.210022,25.90999985
641.934,118.2799988,29.04999924,105.6100006,772.9899902,24.84000015
611.271,118.2300034,28.78499985,106.4899979,775.1400146,24.92000008
617.328,115.6200027,28.34000015,104.5999985,762.5499878,23.95000076
613.746,116.1699982,28.56999969,105.4199982,760.039978,24.29999924
619.138,113.1800003,27.96500015,102.1200027,750.4199829,23.30999947
597.472,112.4800034,28.03499985,104.6600037,762.539978,22.98999977
607.257,110.4899979,28.30999947,104.5500031,760.0900269,22.13999939
586.172,111.3399963,28.56999969,106.7900009,776.5900269,22.55999947
587.078,108.9800034,28.04999924,106.2200012,769.8300171,22.67000008
611.803,106.0299988,27.45999908,104.0400009,756.8499756,22.96999931
606.387,107.3300018,27.59000015,104.7699966,760.7999878,22.53000069
625.307,107.2300034,27.88999939,105.5100021,767.1300049,22.46999931
614.833,108.6100006,27.78000069,104.6299973,768.5100098,22.22999954
609.357,108.0299988,27.65999985,105.0199966,765.8400269,23.13999939
603.393,106.8199997,27.63999939,105.9300003,782.2399902,22.55999947
604.296,108.7399979,27.90999985,107.2600021,793.960022,21.92000008
612.099,107.3199997,27.75,106.2200012,790.2999878,21.38999939
634.55,105.2600021,27.47999954,104.6600037,778.0100098,20.26000023
633.02,105.3499985,26.43000031,102.2200012,759.4400024,19.97999954
589.341,102.7099991,26.12000084,102.7300034,761.5300293,19.64999962
591.74,100.6999969,26.40999985,102.9700012,759.3300171,19.62000084
584.949,96.44999695,25.69000053,97.91999817,741,18.68000031
560.089,96.95999908,25.75,97.33000183,730.9099731,19
561.726,98.52999878,26.10000038,97.51000214,733.0700073,17.94000053
551.545,99.95999908,26.20999908,99.37000275,745.3400269,16.69000053
570.458,97.38999939,25.40999985,95.44000244,719.5700073,17.37999916
543.549,99.51999664,25.86000061,98.37000275,731.3900146,17.82999992
548.027,97.12999725,25.26000023,94.97000122,710.4899902,17.84000015
522.823,96.66000366,25.77000046,95.26000214,719.0800171,17.02000046
522.754,96.79000092,25.81999969,94.34999847,718.5599976,17.01000023
524.942,96.30000305,26.09000015,94.16000366,726.6699829,16.78000069
507.421,101.4199982,26.43000031,97.94000244,745.460022,16.48999977
535.967,99.44000244,26.13500023,97.01000214,733.6199951,16.79999924
553.081,99.98999786,26.64999962,97.33999634,733.789978,17.90999985
559.734,93.41999817,26.42000008,94.44999695,717.5800171,16.07999992
553.738,94.08999634,23.12999916,109.1100006,748.2999878,16.55999947
543.25,97.33999634,23.45999908,112.2099991,761.3499756,16.90999985
570.128,96.43000031,23.94000053,115.0899963,770.7700195,15.72000027
539.12,94.48000336,23.29000092,114.6100006,780.9099731,14.39999962
528.348,96.34999847,23.5,112.6900024,749.3800049,14.97999954
505.536,96.59999847,23.48999977,110.4899979,730.0300293,14.31000042
470,94.01999664,23.20000076,104.0699997,703.7600098,15.88000011
475.642,95.01000214,22.47999954,99.75,704.1599731,16.36000061
452.253,94.98999786,22.01000023,99.54000092,701.0200195,17.45999908
427.15,94.26999664,22.31999969,101,706.8499756,18.43000031
422.116,93.69999695,22.07999992,101.9100037,706.3599854,18.30999947
442.484,93.98999786,22.48999977,102.0100021,706.8900146,18.29999924
439.226,96.63999939,22.95000076,101.6100006,717.6400146,18.29999924
446.602,98.12000275,23.21999931,105.1999969,731.9699707,18
465,96.26000214,23.53000069,103.4700012,717.5100098,17.59000015
464.16,96.04000092,23.80999947,104.5699997,722.1099854,17.94000053
481.029,96.87999725,24.23999977,107.1600037,729.0499878,18.12000084
477.501,94.69000244,23.62000084,105.4599991,717.289978,17.85000038
476.398,96.09999847,23.95999908,106.8799973,720.9000244,18.54000092
508.866,96.76000214,24.18000031,108.0699997,729.1199951,19.30999947
500.502,96.91000366,24.18000031,107.9199982,724.8599854,19.36000061
489.159,96.69000244,23.79999924,106.9199982,717.2199707,19.17000008
496.564,100.5299988,24.25,109.8199997,742.1699829,18.32999992
509.056,100.75,23.71999931,109.9499969,739.4799805,17.65999985
515.915,101.5,23.94000053,109.5800018,731.5900269,16.61000061
526.679,103.0100021,24.40999985,108.3899994,730.2199707,17.12000084
531.326,101.8700027,24.26000023,105.7300034,712.7999878,16.19000053
528.062,101.0299988,24.06999969,105.9300003,713.5300293,16.70000076
525.096,101.1200027,23.95000076,107.5100021,725.4099731,16.85000038
509.786,101.1699982,23.69000053,107.3199997,732.1699829,16.85000038
514.015,102.2600021,24.02000046,109.4100037,744.8699951,16.88999939
505.465,102.5199966,24.28000069,109.8899994,750.2399902,16.86000061
492.037,104.5800018,23.57999992,110.6699982,750.5700073,16.01000023
507.086,105.9700012,23.68000031,112.1800003,757.3599854,15.90999985
517.327,105.8000031,23.76000023,111.0199966,758.4799805,15.60000038
522.269,105.9199982,23.77000046,111.4499969,755.4099731,15.97000027
514.896,105.9100037,24.34000015,111.8499985,762.1599731,16.36000061
495.285,106.7200012,24.12999916,112.25,760.0499878,16.54999924
487.987,106.1299973,24.17000008,112.5400009,757.5599976,15.97999954
487.986,105.6699982,24.32999992,113.0500031,754.8400269,17.09000015
499.31,105.1900024,24.12000084,113.6900024,753.2800293,17.04999924
509.853,107.6800003,24.10000038,116.1399994,765.8900146,17.26000023
518.975,109.5599976,24.04000092,114.6999969,768.3400269,16.97999954
525.618,108.9899979,23.86000061,114.0999985,762.9000244,16.64999962
530.411,109.9899979,23.87999916,116.0599976,769.6699829,16.51000023
522.662,111.1200027,24.03000069,112.5500031,765.1199951,16.56999969
525.984,109.8099976,24.38999939,112.2200012,758.5700073,17.37000084
521.704,110.9599991,25.43000031,113.7099991,768.0700073,17.53000069
517.55,108.5400009,24.10000038,113.6399994,760.1199951,17.57999992
523.585,108.6600037,24.06999969,110.6299973,759.4699707,17.30999947
522.138,109.0199966,24.05999947,108.9899979,757.539978,16.92000008
518.499,110.4400024,24.42000008,110.6100006,764.3200073,17.39999962
527.458,112.0400009,25.07999992,110.5100021,771.9099731,17.51000023
527.237,112.0999985,25.20999908,110.8399963,775.3900146,17.22999954
542.757,109.8499985,25.21999931,109.6399994,780,17.09000015
550.303,107.4800034,25.30999947,110.4499969,787.6799927,17.75
550.67,106.9100037,24.29999924,112.2900009,776.25,14.85999966
557.88,107.1299973,24.65999985,112.4199982,774.9199829,14.64000034
551.062,105.9700012,24.69000053,113.4400024,780,14.61999989
560.921,105.6800003,24.39999962,110.5599976,737.7700195,14.39999962
560.262,105.0800018,24.21999931,110.0999985,742.210022,14.01000023
550.562,104.3499985,24.48999977,108.7600021,725.3699951,14.84000015
555.081,97.81999969,25.27000046,108.8899994,721.460022,14.11999989
546.496,94.83000183,24.62000084,116.7300034,705.0599976,14.39999962
533.603,93.73999786,24.43000031,117.5800018,707.8800049,14.19999981
541.613,93.63999939,24.26000023,118.5699997,714.4099731,14.63000011
576.939,95.18000031,23.97999954,117.4300003,708.4400024,14.59000015
588.115,94.19000244,23.79999924,118.0599976,711.3699951,14.07999992
588.69,93.23999786,23.80999947,117.8099976,714.710022,14.10000038
584.631,92.72000122,23.81999969,119.4899979,725.1799927,14.28999996
579.98,92.79000092,24.02000046,119.2399979,729.1300049,14.34000015
580.293,93.41999817,24.15999985,120.5,739.3800049,14.14000034
599.098,92.51000214,23.73999977,119.5199966,730.5499878,14.14999962
615.861,90.33999634,23.57999992,120.2799988,728.0700073,14.43000031
624.612,90.51999664,23.78000069,119.8099976,724.8300171,14.40999985
629.001,93.87999725,23.79999924,118.6699982,730.2999878,14.02999973
628.502,93.48999786,23.27000046,117.3499985,720.1900024,14.40999985
622.677,94.55999756,23.69000053,117.6500015,721.7800293,14.30000019
619.877,94.19999695,23.42000008,116.8099976,715.3099976,15.10000038
618.066,95.22000122,23.64999962,117.3499985,721.710022,15.22000027
629.147,96.43000031,23.45999908,115.9700012,717.25,15.02000046
623.426,97.90000153,24.04999924,117.6999969,733.0300293,15.19999981
633.663,99.62000275,24.03499985,117.8899994,738.0999756,15.19999981
636.257,100.4100037,24.12000084,119.4700012,736.9299927,15.27000046
637.726,100.3499985,24.36000061,119.3799973,747.5999756,15
642.09,99.86000061,24.45999908,118.8099976,748.8499756,14.94999981
642.2,98.45999908,24.06999969,118.7799988,748.460022,14.60000038
647.392,97.72000122,24.25,118.9300003,744.2700195,14.02000046
647.679,97.91999817,23.97999954,118.4700012,735.8599854,14.55000019
646.729,98.62999725,23.98999977,118.7900009,730.0599976,15.35999966
638.828,99.02999878,24.28000069,117.7600021,731.0900269,15.96000004
639.046,98.94000244,24.22999954,118.3899994,742.9299927,15.86999989
636.681,99.65000153,24.32999992,118.5599976,742.5200195,16.10000038
637.542,98.83000183,24.06999969,116.6200027,733.1900024,16.34000015
641,97.33999634,23.88999939,113.9499969,731.8800049,16.31999969
636.177,97.45999908,23.87999916,114.9400024,733.25,16.12999916
635.252,97.13999939,23.95999908,114.5999985,732.1900024,17.04000092
639.195,97.55000305,23.85000038,114.3899994,724.25,16.44000053
638.175,95.33000183,23.79000092,113.0199966,704.25,15.84000015
634.252,95.09999847,24.56999969,113.3700027,706.1300049,16.42000008
625.155,95.91000366,24.70000076,114.3799973,708.8800049,16.82999992
635.248,95.55000305,24.34000015,113.9100037,710.4699707,16.90999985
633.993,96.09999847,24.85000038,115.0800018,714.8699951,17.28000069
629.666,93.40000153,23.12999916,112.0800018,685.2000122,17.13999939
633.703,92.04000092,22.71999931,108.9700012,681.1400146,17.20000076
630.821,93.58999634,22.98999977,112.6999969,691.2600098,17.37000084
629.341,94.40000153,23.30999947,114.1600037,695.1900024,18.07999992
638.445,95.59999847,23.40999985,114.2799988,703.5300293,17.70999908
647.204,95.88999939,23.78000069,114.1900024,710.25,18.10000038
649.042,94.98999786,23.76000023,114,704.8900146,17.73999977
651.178,95.52999878,23.82999992,116.6999969,708.9699707,17.95999908
655.4,95.94000244,23.93000031,115.8499985,707.2600098,18.07999992
650.243,96.68000031,24.61000061,117.2399979,717.7800293,18.64999962
664.216,96.98000336,24.86000061,117.8700027,727.2000122,18.32999992
661.695,97.41999817,25.12999916,117.9300003,732.5100098,18.55999947
673.924,96.87000275,25.12000084,116.7799988,729.4799805,18.38999939
683.051,98.79000092,26.07999992,117.2900009,735.7999878,18.37000084
678.304,98.77999878,26.34000015,116.8600006,735.6300049,18.64999962
671.141,99.83000183,26.48999977,119.3700027,753.2000122,18.45000076
669.85,99.87000275,26.5,120.6100006,753.4099731,15.77000046
665.126,99.95999908,26.98999977,121.9199982,757.0800171,16.30999947
667.141,99.43000031,29.93000031,120.6100006,754.4099731,16.63999939
671.089,98.66000366,30.48999977,121,759.2800293,16.63999939
675.564,97.33999634,30.68000031,121.6299973,757.5200195,16.42000008
675.884,96.66999817,31.39999962,121.2200012,757.6500244,17.61000061
683.201,102.9499969,31.30999947,123.3399963,761.9699707,18.12999916
673.215,104.3399963,31.17000008,125,765.8400269,18.26000023
669.298,104.2099991,31.15999985,123.9400024,791.3400269,18.20000076
670.842,106.0500031,31.25,124.3099976,800.9400024,18.68000031
671.526,104.4800034,30.79000092,123.0899963,800.1199951,19.04000092
682.733,105.7900009,30.95000076,122.5100021,798.9199829,19.78000069
687.181,105.8700027,31.05999947,124.3600006,797.25,19.54000092
676.851,107.4800034,31.38999939,125.1500015,806.9299927,20.86000061
674.919,108.3700027,31.14999962,125.2600021,805.2299805,20.39999962
685.267,108.8099976,31.11000061,125.0599976,807.4799805,20.17000008
691.066,108,31.12000084,124.8799973,808.4899902,19
690.595,107.9300003,31.20000076,124.9000015,808.2000122,18.97999954
693.799,108.1800003,30.88999939,124.8799973,807.0499878,18.54999924
688.491,109.4800034,31.04999924,123.9000015,805.960022,18.69000053
690.016,109.3799973,30.82999992,123.3000031,801.1900024,18.25
690.268,109.2200012,30.61000061,124.3700027,805.4199829,18.31999969
688.773,109.0800018,30.52000046,123.9100037,802.75,18.29999924
678.671,109.3600006,30.62999916,123.5599976,799.6500244,18.46999931
677.196,108.5100021,30.62000084,124.1500015,796.9500122,18.37999916
674.258,108.8499985,30.67000008,124.3700027,796.5900269,19.20999908
669.743,108.0299988,31.25,123.4800034,793.5999756,19.5
669.638,107.5699997,31.34000015,123.8899994,791.2999878,19.54999924
673.987,106.9400024,31.30999947,124.9599991,793.2199707,19.93000031
675.97,106.8199997,31.39999962,126.5400009,795.8200073,19.87000084
672.707,106,31.77000046,125.8399963,791.9199829,18.70000076
680.553,106.0999985,32.15999985,126.1200027,789.8499756,18.11000061
692.868,106.7300034,32.13000107,126.1699982,791.4000244,18.14999962
688.411,107.7300034,32.27999878,126.5100021,796.8699951,17.76000023
686.1,107.6999969,32.40999985,129.7299957,808.0200195,18.07999992
688.962,108.3600006,32.50999832,131.0500031,807.9899902,18.29999924
692.491,105.5199966,32.70000076,130.2700043,802.8400269,19.11000061
694.99,103.1299973,31.88999939,127.0999985,788.4799805,18.36000061
700,105.4400024,32.49000168,128.6900024,798.8200073,18.38999939
698.997,107.9499969,31.90999985,127.2099991,788.7199707,18.48999977
695.822,111.7699966,31.79999924,127.7699966,790.460022,18.62999916
681.997,115.5699997,31.97999954,128.3500061,801.2299805,22.62000084
684.015,114.9199982,31.77000046,129.0700073,797.9699707,23.37000084
677.01,113.5800018,31.56999969,128.6499939,795.3900146,23.71999931
679.38,113.5699997,31.36000061,128.6399994,799.7800293,22.95999908
682.61,113.5500031,31.96999931,129.9400024,805.0300293,23.01000023
697.77,114.6200027,32.27999878,130.0800018,815.9500122,23.04999924
689.94,112.7099991,32.06999969,127.9599991,814.960022,24
698.41,112.8799973,31.67000008,127.3099976,802.6500244,23.52000046
701.16,113.0899963,31.94000053,128.6900024,810.7299805,24.87000084
716.42,113.9499969,31.85000038,129.2299957,810.0599976,19.87000084
717.8,112.1800003,32.29999924,128.0899963,802.6400146,19.85000038
708.18,113.0500031,32.90000153,128.2700043,804.0599976,17.55999947
726.87,112.5199966,32.54999924,128.7700043,800.3800049,18
739.72,113,32.56000137,128.1900024,802.789978,18.04999924
740.27,113.0500031,32.15000153,128.4700012,801.2299805,17.79000092
746,113.8899994,32.13000107,128.7400055,803.0800171,16.87999916
743.51,114.0599976,31.62000084,128.9900055,800.710022,16.82999992
753.02,116.0500031,31.95000076,130.2400055,814.1699829,17.06999969
756.83,116.3000031,31.45999908,128.8800049,809.5700073,16.89999962
751.26,117.3399963,31.5,129.0500031,811.7700195,18.09000015
757.57,116.9800034,31.51000023,127.8199997,804.0800171,18.03000069
752.77,117.6299973,31.88999939,127.8799973,804.5999756,17.26000023
758.53,117.5500031,31.80999947,128.5700073,821.4899902,17.29000092
749.06,117.4700012,31.63999939,130.1100006,827.0900269,17.39999962
750.49,117.1200027,32.52000046,130,821.6300049,17.65999985
738.5,117.0599976,29.02000046,132.0700073,824.0599976,17.95000076
748.6,116.5999985,29.05999947,133.2799988,835.7399902,17.48999977
746.77,117.6500015,29.21999931,132.2899933,828.5499878,17.61000061
741.48,118.25,29.04999924,131.0399933,822.0999756,17.57999992
752.99,115.5899963,28.81999969,129.6900024,817.3499756,18.02000046
766,114.4800034,28.80999947,131.2899933,819.5599976,18.40999985
767.04,113.7200012,28.60000038,130.9900055,809.9000244,18.37999916
754.73,113.5400009,28.51000023,129.5,805.4799805,19.12999916
754.1,111.4899979,28.37999916,127.1699982,788.4199829,18.37000084
707.81,111.5899963,28.26000023,120,782.1900024,18.54999924
718.36,109.8300018,28.05999947,120.75,781.0999756,19.13999939
705.6,108.8399963,27.95000076,122.1500015,802.0300293,18.97999954
689.9,110.4100037,28.23999977,124.2200012,811.9799805,18.62999916
689.99,111.0599976,28.03000069,123.1800003,805.5900269,18.54999924
679.97,110.8799973,28.29000092,120.8000031,780.289978,18.72999954
713.36,107.7900009,28.15999985,119.0199966,771.75,18.60000038
715.98,108.4300003,28.63999939,115.0800018,753.2199707,18.62999916
699.89,105.7099991,27.88999939,117.1999969,775.1599731,18.21999931
685.01,107.1100006,28.48999977,116.3399963,779.9799805,18.05999947
679.41,109.9899979,28.32999992,117.7900009,786.1599731,18.29999924
669.9,109.9499969,28.87000084,117.0199966,775.9699707,18.19000053
690.51,110.0599976,28.69000053,121.7699966,784.7999878,18.48999977
698.25,111.7300034,29,121.4700012,785,18.03000069
712.81,111.8000031,29.05999947,120.8399963,779,17.93000031
718.77,111.2300034,28.89999962,120.3799973,780.2299805,18.22999954
732.28,111.7900009,28.95000076,120.4100037,785.789978,18.22999954
741.8,111.5699997,28.56999969,120.8700027,789.4400024,19.47999954
738.39,111.4599991,28.51000023,118.4199982,775.8800049,19.63999939
741.19,110.5199966,27.80999947,115.0999985,764.3300171,19.64999962
735.89,109.4899979,27.38999939,115.4000015,764.460022,18.93000031
725.62,109.9000015,28.42000008,117.4300003,778.2199707,19.37000084
722.95,109.1100006,28.35000038,117.3099976,776.1799927,18.93000031
710.38,109.9499969,28.20999908,117.9499969,791.4699707,18.79000092
694.5,111.0299988,28.90999985,118.9100037,795.1699829,18.62999916
692.96,112.1200027,29.42000008,119.6800003,809.4500122,18.23999977
705.22,113.9499969,29.96999931,117.7699966,807.9000244,17.92000008
714.73,113.3000031,30.20999908,120.3099976,815.3400269,17.07999992
713.97,115.1900024,29.81999969,120.2099991,817.8900146,16.40999985
722.001,115.1900024,29.81999969,120.5699997,815.6500244,16.5
727.88,115.8199997,29.72999954,119.8700027,809.8400269,16.61000061
715.81,115.9700012,29.61000061,119.2399979,812.5,16.38999939
734.59,116.6399994,29.37999916,119.0899963,815.2000122,16.38999939
726.03,116.9499969,29.26000023,119.0400009,812.2000122,16.29999924
734.93,117.0599976,29.36000061,117.4000015,809.6799927,16.44000053
725.76,116.2900009,29.54000092,117.2699966,807.7999878,16.86000061
735.79,116.5199966,29.79000092,118.0100021,809.9299927,17.09000015
743.9,117.2600021,30.23999977,116.9199982,804.5700073,17.17000008
736.86,116.7600021,30.01000023,116.3499985,802.8800049,17.5
734.301,116.7300034,29.97999954,115.0500031,792.4500122,17.37000084
725.96,115.8199997,29.69000053,116.8600006,808.0100098,17.29999924
739.71,116.1500015,29.84000015,118.6900024,807.7700195,17.37999916
743.34,116.0199966,29.76000023,120.6699982,813.0200195,17.25
728.66,116.6100006,30.01000023,123.4100037,825.210022,16.95999908
728.19,117.9100037,31.04999924,124.9000015,827.1799927,17.11000061
727.474,118.9899979,30.75,124.3499985,826.0100098,16.79000092
720.53,119.1100006,30.25,126.0899963,829.8599854,16.57999992
724.11,119.75,30.40999985,126.6200027,829.5300293,16.61000061
733.99,119.25,30.35000038,128.3399963,830.9400024,16.52000046
756.26,119.0400009,30.29000092,127.8700027,827.460022,16.72999954
754.13,120,30.29000092,127.9199982,829.0200195,16.80999947
754.48,119.9899979,30.38999939,127.5500031,824.3699951,16.56999969
749.46,119.7799988,30.71999931,127.0400009,828.1699829,16.94000053
760.09,120,30.63999939,128.9299927,844.4299927,17.62000084
771.59,120.0800018,30.27000046,131.4799957,849.5300293,17.23999977
773.4,119.9700012,30.22999954,132.7799988,858.4500122,17.78000069
758.47,121.8799973,31.73999977,132.1799927,856.9799805,17.61000061
754.02,121.9400024,32.50999832,130.9799957,845.0300293,17.93000031
763.74,121.9499969,32.16999817,130.3200073,823.8300171,18.26000023
759.33,121.6299973,31.82999992,133.2299957,820.1900024,18.71999931
758.59,121.3499985,32.18000031,130.8399963,815.2399902,16.40999985
765.5,128.75,31.96999931,130.9799957,818.2600098,15.57999992
779.99,128.5299988,32.06999969,132.0599976,820.1300049,15.81000042
786,129.0800018,32.02999878,131.8399963,821.6199951,16.52000046
781.35,130.2899933,32.43000031,134.1999969,829.2299805,16.73999977
774.74,131.5299988,33.25,134.1399994,829.8800049,16.35000038
760.59,132.0399933,33.11999893,134.1900024,830.0599976,16.62000084
769.95,132.4199982,33.63000107,134.0500031,834.8499756,16.42000008
778.78,132.1199951,33.79000092,133.8500061,838.960022,16.07999992
754.85,133.2899933,33.63000107,133.4400024,840.0300293,16.03000069
750.56,135.0200043,34.00999832,133.8399963,837.3200073,15.97999954
759.62,135.5099945,33.54000092,133.5299988,842.1699829,16.05999947
766.49,135.3450012,33.75999832,133.7200012,846.5499878,15.77000046
773.41,135.7200012,33.91999817,136.1199951,849.2700195,15.78999996
777.48,136.6999969,33.81999969,135.3600006,851.3599854,15.78999996
791.61,137.1100006,33.59999847,135.4400024,851,15.75
791.99,136.5299988,34.06000137,135.5399933,847.8099976,15.56000042
794.15,136.6600037,33.90000153,137.4199982,849.6699829,15.18000031
789.76,136.9299927,34.27000046,136.7599945,844.9299927,15.23999977
798.49,136.9900055,33.90999985,137.1699982,856.75,15.22000027
799.74,139.7899933,33.74000168,137.4199982,849.8499756,15.11999989
810.86,138.9600067,33.63999939,137.3000031,849.0800171,15.21000004
814.59,139.7799988,33.47000122,137.7200012,847.2700195,15.31999969
804.9,139.3399963,33.31999969,138.2400055,851.1500244,15.02999973
796.33,139.5200043,33.18000031,138.7899933,853.6400146,15.18999958
802.95,139,33.13000107,139.6000061,857.8400269,15.07999992
797.27,138.6799927,32.81000137,139.3200073,861.4050293,15.09000015
806.04,139.1399994,32.86000061,139.7200012,864.5800171,14.53999996
808.08,139.1999969,32.88999939,139.9900055,865.9099731,14.97999954
804.42,138.9900055,33.09999847,139.8399963,868.3900146,14.93000031
799.63,140.4600067,33.70000076,139.9400024,870,15.14000034
801.32,140.6900024,33.81000137,138.5099945,872.3699951,14.98999977
807.24,139.9900055,33.18999863,139.5899963,867.9099731,14.93999958
807.1,141.4600067,33.52999878,139.5299988,850.1400146,15.03999996
800.14,139.8399963,33.52000046,140.3399963,849.7999878,14.92000008
802.17,141.4199982,33.40000153,140.3200073,839.6500244,14.94999981
798.84,140.9199982,33.43000031,141.7599945,835.1400146,14.84000015
798.74,140.6399994,33.52999878,142.6499939,838.5100098,14.68999958
794.58,140.8800049,33.65000153,142.4100037,840.6300049,14.52999973
794.15,143.8000031,33.70000076,142.0500031,849.8699951,14.39000034
797.34,144.1199951,33.56999969,142.2799988,849.4799805,14.28999996
781.77,143.9299927,33.75999832,141.7299957,847.7999878,14.35999966
783.67,143.6600037,34.13999939,141.8500061,856.75,14.31000042
787.15,143.6999969,33.81000137,141.1699982,852.5700073,14.42000008
787.37,144.7700043,34.15999985,140.7799988,848.9099731,14.30000019
778.82,144.0200043,33.90999985,141.0399933,845.0949707,14.39999962
790.39,143.6600037,34.06000137,139.9199982,842.0999756,14.43999958
809.75,143.3399963,33.99000168,139.5800018,841.7000122,14.53999996
818.95,143.1699982,34.27000046,139.3899994,839.8800049,14.64999962
832.449,141.6300049,34.33000183,141.4199982,841.460022,14.63000011
833.01,141.8000031,34.43999863,140.9600067,840.1799927,14.71000004
851.57,141.0500031,34.02000046,142.2700043,855.1300049,14.65999985
866.58,141.8300018,33.85499954,143.6799927,853.9899902,15.81999969
845.1,141.1999969,32.18000031,145.4700012,856.5100098,16.61000061
849,140.6799927,32.04999924,146.5599976,860.0800171,16.47999954
855.71,142.4400024,33.00999832,147.6999969,858.9500122,17.54000092
851.99,142.2700043,33.06000137,150.25,878.9299927,18.23999977
848.5,143.6399994,33.40999985,152.4600067,888.8400269,18.56999969
835.41,144.5299988,33.31000137,152.7799988,889.1400146,18.47999954
844.25,143.6799927,33.50999832,151.8000031,891.4400024,18.69000053
844,143.7899933,33.25999832,150.8500061,924.5200195,18.30999947
842.58,143.6499939,33.50999832,150.2400055,932.8200073,18.37000084
839.42,146.5800018,33.5,151.0599976,937.0900269,18.54000092
836.99,147.5099945,33.24000168,150.4799957,948.4500122,18.38999939
828.999,147.0599976,33.72000122,150.2899933,954.7199707,18.61000061
838.74,146.5299988,33.88000107,150.0399933,950.2800293,19.22999954
845.85,148.9600067,34.11999893,150.3300018,958.6900024,19.48999977
851.64,153.0099945,34.06999969,150.1900024,956.710022,18.28000069
864.55,153.9900055,34.18000031,149.7799988,954.8400269,18.51000023
862.34,153.2599945,34.81000137,144.8500061,955.8900146,18.35000038
854.95,153.9499969,33.58000183,147.6600037,955.1400146,18.43000031
848.38,156.1000061,33.72999954,148.0599976,959.2199707,18.14999962
863.49,155.6999969,33.83000183,148.2400055,964.6099854,17.97999954
875.32,155.4700012,33.86000061,148.0700073,942.1699829,17.95000076
874.26,150.25,34.61000061,150.0399933,950.5,18.22999954
872.53,152.5399933,34.81999969,151.9600067,954.6500244,18.43000031
879.37,153.0599976,35.22000122,152.1300049,964.0700073,18.31999969
873.66,153.9900055,34.90000153,152.3800049,970.5499878,18.53000069
874.41,153.8000031,34.61999893,151.4600067,977.6099854,18.30999947
857.17,153.3399963,34.29999924,151.5299988,991.8599854,18.22999954
862.59,153.8699951,34.79000092,153.6100006,993.2700195,17.56999969
863.92,153.6100006,35.31999969,153.6300049,996.1699829,17.44000053
862.33,153.6699982,35.54999924,152.8099976,987.0900269,17.59000015
865.01,152.7599945,35.47000122,153.1199951,988.289978,16.89999962
871.98,153.1799927,35.77000046,154.7100067,996.1199951,17.04000092
888.35,155.4499969,36.13999939,149.6000061,1003.880005,16.96999931
888.29,153.9299927,34.93999863,148.4400024,996.6799927,16.76000023
897.39,154.4499969,34.15000153,150.6799927,1001.590027,16.82999992
893.63,155.3699951,34.45999908,150.25,1004.280029,16.67000008
883.01,154.9900055,34.5,149.8000031,970.1199951,17.05999947
888.45,148.9799957,34.09000015,150.6399994,961.8099976,16.90999985
892.76,145.4199982,33.95999908,152.8699951,970.5,17.78000069
898.93,146.5899963,34.90000153,152.25,967.9299927,18.14999962
893.25,145.1600037,34.93000031,153.9100037,960.1799927,18.5
900.06,144.2899933,34.95999908,153.3999939,958.6199951,18.29000092
877.46,142.2700043,35.11999893,155.0700073,975.2199707,18.12000084
858.8,146.3399963,35.56999969,153.5899963,968.9899902,17.95000076
872.82,145.0099945,35.09000015,150.5800018,978.5900269,17.64999962
873.17,145.8699951,34.90999985,153.2400055,976.6199951,17.87000084
861.89,145.6300049,35.31000137,151.0399933,986.0900269,17.64999962
891,146.2799988,34.50999832,150.9799957,972.0900269,17.81999969
891.5,145.8200073,34.91999817,148.4299927,948.0900269,17.92000008
897.05,143.7299957,34.59999847,150.3399963,961.0100098,18.02000046
892.96,145.8300018,34.72000122,148.8200073,937.8200073,18.07999992
900.96,143.6799927,34.02999878,151.4400024,929.6799927,18.63999939
896.89,144.0200043,34.22999954,153.5,919.460022,19.25
892.34,143.5,35.04000092,155.2700043,932.2600098,19.31999969
867.05,144.0899963,35.18999863,158.8999939,927.6900024,19.63999939
868.95,142.7299957,36.02999878,159.2599945,940.8099976,19.94000053
846.91,144.1799927,36.5,159.9700012,951,19.97999954
855.78,145.0599976,37.08000183,159.7299957,953.5300293,20.12000084
839.19,145.5299988,37.04999924,162.8600006,967.6599731,20.53000069
840,145.7400055,36.79999924,164.1399994,968.8499756,20.11000061
857.15,147.7700043,37.08000183,164.5299988,976.9099731,20
849.7,149.0399933,37.18000031,164.4299927,975.960022,19.96999931
857.8,149.5599976,36.61000061,166,986.9500122,19.61000061
876.33,150.0800018,36.38000107,165.2799988,992.7700195,16.84000015
863.42,151.0200043,36.31999969,165.6100006,992.1900024,16.75
880.3,150.3399963,37.04000092,170.4400024,993.8400269,16.09000015
875.43,150.2700043,36.16999817,172.4499969,998.3099976,16.20999908
875.14,152.0899963,35.93999863,169.25,969.0300293,16.06999969
880.12,152.7400055,35.72999954,169.8600006,965.3099976,16.18000031
887.02,153.4600067,35.90999985,169.3000031,952.5100098,16.29000092
894.99,150.5599976,35.90000153,168.5899963,958.3300171,16.39999962
884.45,149.5,35.70999908,171.9799957,945.5,16.14999962
877.97,148.7299957,36.11000061,171.2299957,946.5599976,16.13999939
893.48,150.0500031,36.36000061,171.1799927,947.6400146,15.75
893.81,157.1399994,36.08000183,167.3999939,940.2999878,15.92000008
901.44,155.5700073,34.99000168,168.0800018,945.789978,16.09000015
901.35,156.3899994,35.04999924,170.75,945.75,15.94999981
877.51,158.8099976,35.20000076,171,944.1900024,16.15999985
837.06,160.0800018,35.25,170,940.0800171,15.86999989
846.49,161.0599976,35.36000061,166.9100037,923.5900269,15.98999977
838.42,155.3200073,34.84999847,167.4100037,930.0900269,16.11000061
832.76,157.4799957,34.77999878,167.7799988,938.9299927,16.62999916
839.86,159.8500061,34.24000168,169.6399994,938.0800171,16.95999908
839.95,161.6000061,34.81000137,168.7100067,944.2700195,16.88999939
846.1,160.9499969,34.88999939,167.7400055,927.6599731,16.64999962
836.39,157.8600006,34.88000107,166.3200073,926.1799927,16.77000046
815.41,157.5,34.68000031,167.2400055,920.8699951,16.93000031
817.3,157.2100067,34.81000137,168.0500031,940.4000244,16.93000031
833.6,159.7799988,35.20000076,169.9199982,942.5800171,16.90999985
838.77,159.9799957,35.68999863,171.9700012,936.8900146,16.86000061
833.46,159.2700043,36.13000107,172.0200043,930.5,16.64999962
823.65,159.8600006,36.34999847,170.7200012,928.1300049,16.82999992
817.3,161.4700012,36.09000015,172.0899963,935.75,17.21999931
805.99,162.9100037,36.75999832,173.2100067,943.6300049,17.45000076
822.34,163.3500061,38.00999832,170.9499969,955.2399902,17.65999985
809.48,164,37.79000092,173.5099945,951.9899902,18.17000008
801.22,164.0500031,38.09000015,172.9600067,941.4799805,18.20000076
795.43,162.0800018,38.18000031,173.0500031,942.0200195,18.20999908
791.31,161.9100037,38.27000046,170.9600067,949.8900146,18.01000023
793.89,161.2599945,38.31000137,171.6399994,941.4099731,17.60000038
813.31,158.6300049,38.40000153,170.0099945,943.289978,17.76000023
824.21,161.5,38.38999939,172.5200043,946.6500244,17.62000084
825.01,160.8600006,38.59000015,172.1699982,950.4400024,17.57999992
821.48,159.6499939,38.54000092,171.1100006,940.1300049,17.61000061
811.55,158.2799988,38.25,170.5399933,935.289978,16.97999954
810.83,159.8800049,38.29000092,162.8699951,929.75,16.59000015
816.36,158.6699982,37.77999878,164.2100067,936.8599854,16.95000076
809.4,158.7299957,37.84999847,167.6799927,947.539978,16.85000038
818.13,156.0700073,38.04999924,168.7299957,947.5499878,16.87000084
820.87,153.3899994,37.72999954,170.8699951,943.2600098,17.09000015
832.91,151.8899994,38.45999908,169.4700012,934.2800293,17.59000015
832.87,150.5500031,38.72999954,169.9600067,937.4299927,17.75
830.3,153.1399994,38.70999908,168.4199982,959.9000244,18.25
823.22,154.2299957,38.65999985,171.2400055,964.8099976,17.85000038
810.75,153.2799988,38.99000168,172.2299957,973.7199707,17.67000008
806.17,154.1199951,38.81000137,172.5,967.4699707,17.40999985
811.31,153.8099976,38.99000168,171.5899963,972.0800171,17.72999954
803.3,154.4799957,38.84000015,172.7400055,966.7800293,18.45000076
792.16,153.4799957,38.31000137,172.5500031,985.1900024,18.62999916
799.76,155.3899994,38.09000015,173.7400055,993.6400146,18.32999992
805.83,155.3000031,38.34999847,174.5200043,992.3099976,18.28000069
813.77,155.8399963,37.77000046,176.1100006,987.7999878,18.02000046
816.39,155.8999939,37.49000168,176.0299988,1005.650024,17.88999939
814.03,156.5500031,37.97000122,174.5599976,1005.650024,17.87000084
818.09,156,37.29000092,174.9799957,1007.869995,17.37000084
835.79,156.9900055,37.61000061,171.2700043,1009.349976,17.25
845.97,159.8800049,36.83000183,171.8000031,1011,17.13999939
843.43,160.4700012,36.74000168,170.6000061,1012.73999,20.30999947
832.99,159.7599945,36.68000031,170.6300049,1001.840027,21.68000031
836.24,155.9799957,36.90000153,177.8800049,1005.070007,21.25
847.62,156.25,36.79999924,179.8699951,985.539978,20.62000084
849.39,156.1699982,37,180.0599976,988.4899902,20.61000061
850.89,157.1000061,37.63999939,182.6600037,991.460022,19.70999908
855.42,156.4100037,37.54000092,178.9199982,991.4199829,19.89999962
850.77,157.4100037,37.40000153,178.9199982,1033.670044,19.38999939
835.001,163.0500031,37.5,180.1699982,1033.130005,19.65999985
837.89,166.7200012,37.36999893,180.25,1033.040039,19.59000015
826.33,169.0399933,37.40999985,179.5599976,1042.599976,19.89999962
830.47,166.8899994,37.00999832,179.3000031,1042.969971,20.31999969
828.81,168.1100006,35.68999863,178.4600067,1049.98999,20.17000008
832.72,172.5,35.97000122,178.7700043,1042.680054,20.04999924
952.06,174.25,35.84999847,178.0700073,1052.390015,19.90999985
957.68,174.8099976,35.22000122,177.9499969,1058.290039,20.36000061
945.31,176.2400055,35.29999924,179.5899963,1047.719971,20.76000023
939.39,175.8800049,35.61999893,179,1044.150024,21.12999916
958,174.6699982,35.58000183,178.7400055,1041.199951,21.87999916
968.18,173.9700012,35.52999878,181.8600006,1041.640015,22.27000046
970.02,171.3399963,35.95999908,180.8699951,1036.410034,22.42000008
976.66,169.0800018,35.93999863,182.7799988,1048.469971,21.81999969
966.31,171.1000061,35.84000015,183.0299988,1035.890015,21.82999992
965.63,170.1499939,35.99000168,182.4199982,1034.660034,20.79000092
976.63,169.9799957,35.5,175.1300049,1050.300049,20.57999992
959.16,173.1399994,34.38000107,177.1799927,1051.920044,20.70999908
955.89,174.9600067,34.66999817,175.1000061,1056.52002,20.39999962
966.33,174.9700012,35.20000076,171.4700012,1072.01001,20.77000046
963.03,174.0899963,35.70000076,172.8300018,1063.290039,21.09000015
959.181,173.0700073,36.81000137,176.0599976,1037.380005,21.01000023
969.75,169.4799957,36.83000183,180.1399994,1036.170044,21.10000038
980.1,171.8500061,36.84999847,179,1025.069946,22.04999924
977,171.0500031,37.65000153,179.0399933,1011.869995,21.64999962
994.999,169.8000031,37.52000046,176.9600067,1019.599976,21.65999985
1009.78,169.6399994,37.43999863,178.3000031,1032.719971,22.57999992
1004.4,169.0099945,37.40000153,178.3899994,1044.569946,22.22999954
979.91,169.3200073,37.59999847,180.1799927,1049.380005,24.68000031
989.87,169.3699951,38.36999893,180.8200073,1051.969971,25.07999992
976.58,172.6699982,38.18000031,179.5099945,1048.77002,25.20000076
970.78,171.6999969,37.79999924,177.8899994,1051.390015,25.04999924
973.22,172.2700043,37.93000031,177.4499969,1057.469971,24.45999908
971.85,172.2200012,37.81000137,177.1999969,1072,24.26000023
981.92,173.9700012,37.75999832,175.9900055,1085.089966,24.22999954
990.04,176.4199982,37.93999863,177.6199951,1079.780029,24.30999947
990.63,174.5399933,37.61000061,177.9199982,1073.560059,24.01000023
994.95,174.3500061,37.91999817,176.4600067,1070.849976,24.51000023
988.5,175.0099945,37.74000168,181.4199982,1068.859985,24.45000076
994.1,175.0099945,38.06000137,184.6699982,1065.849976,23.98999977
1000.5,170.5700073,39.22000122,184.3300018,1060.199951,24.31999969
1010.02,170.6000061,38.56999969,186.8500061,1055.949951,24.59000015
999.48,171.0800018,39.68999863,188.2799988,1053.400024,24.17000008
994.58,169.2299957,39.79999924,187.8699951,1073.209961,24.25
993.09,172.2599945,39.52999878,187.8399963,1091.52002,24.35000038
987.11,172.2299957,37.70000076,187.7700043,1095.76001,25.40999985
993.74,173.0299988,37.81000137,179.3699951,1110.290039,24.65999985
991.14,175,38.02000046,178.3899994,1114.209961,24.55999947
991.38,174.3500061,37.68000031,177.6000061,1112.790039,24.04000092
987,174.3300018,37.99000168,179.8000031,1110.140015,23.65999985
1000,174.2899933,38.74000168,181.2899933,1112.050049,23.31999969
998,175.2799988,38.43000031,185.3699951,1130.650024,22.75
1016,177.0899963,39.58000183,189.3500061,1130.699951,22.37000084
1040,176.1900024,39.77000046,186.5500031,1139.099976,22.15999985
1048,179.1000061,39.81999969,187.4799957,1135.969971,24.27000046
1044,179.2599945,40.02000046,190,1143.5,25.18000031
1056,178.4600067,40.88999939,185.9799957,1164.160034,25.62000084
1072,177,40.79999924,187.1199951,1176.170044,25.80999947
1076,177.0399933,40.40000153,186.8899994,1171.290039,27.13999939
1074,174.2200012,40.58000183,193.0899963,1182.140015,25.92000008
1056,171.1100006,46.18999863,190.2799988,1187.560059,25.12999916
1064,171.5099945,44.29999924,181.2599945,1186.47998,25.23999977
1060,167.9600067,42.36999893,185.3099976,1177.369995,26.90999985
1078,166.9700012,42.79000092,180.1799927,1182.219971,30.18000031
1100,167.4299927,42.33000183,171.5800018,1181.589966,31.51000023
1078,167.7799988,41.02000046,176.1100006,1119.199951,30.95000076
1104,160.5,41.65999985,176.4100037,1062.390015,33.43999863
1124,156.4900055,42.31999969,173.1499939,1084.430054,33.75
1154,163.0299988,42.15000153,179.5200043,1055.410034,33.61000061
1152.89,159.5399933,42.43999863,179.9600067,1007.710022,33.06000137
1182.72,155.1499939,43.00999832,177.3600006,1046.27002,32.84000015
1144.62,156.4100037,43.34000015,176.0099945,1054.560059,33.38000107
1164.83,162.7100067,43.38999939,177.9100037,1054.140015,32.11000061
1155.67,164.3399963,43.11999893,178.9900055,1072.699951,32.65999985
1130.38,167.3699951,42.83000183,183.2899933,1091.359985,32.15999985
1172.48,172.9900055,43.68000031,184.9299927,1095.5,31.31999969
1132.1,172.4299927,43.83000183,181.4600067,1103.589966,31.86000061
1072.95,171.8500061,43.15000153,178.3200073,1113.75,32.24000168
1129.93,171.0700073,42.86000061,175.9400024,1109.900024,33
1137.59,172.5,42.27000046,176.6199951,1128.089966,34.58000183
1159.12,175.5,42.95000076,180.3999939,1143.699951,34.43000031
1170.59,178.9700012,43.18999863,179.7799988,1117.51001,35.75999832
1170.68,178.3899994,43.13999939,183.7100067,1103.920044,34.84999847
1176.3,178.1199951,43.93000031,182.3399963,1071.410034,35.34999847
1203.18,175,43.68000031,185.2299957,1084.140015,35.5
1212.21,176.2100067,43.81000137,184.7599945,1094.76001,34.11000061
1205.42,176.8200073,43.90000153,181.8800049,1100.900024,36.59999847
1212.79,176.6699982,42.81999969,184.1900024,1115.040039,35.79999924
1232.04,175.0299988,42.83000183,183.8600006,1129.380005,35.58000183
